id,title,city,locality,property_type,bhk,area_sqft,bathrooms,furnishing,parking,rent,latitude,longitude
1,2 BHK Apartment in Telibandha,Raipur,Telibandha,Apartment,2,908,2,Unfurnished,Yes,19900,21.24288,81.665796
2,3 BHK Independent House in Power House,Bhilai,Power House,Independent House,3,1302,3,Semi-Furnished,Yes,13600,21.213571,81.31534
3,2 BHK Apartment in Civil Lines,Raipur,Civil Lines,Apartment,2,928,1,Semi-Furnished,Yes,23500,21.252957,81.610687
4,1 BHK Independent House in Risali,Bhilai,Risali,Independent House,1,547,1,Semi-Furnished,Yes,8200,21.186438,81.348414
5,3 BHK Apartment in Power House,Bhilai,Power House,Apartment,3,1620,2,Semi-Furnished,Yes,13900,21.204982,81.326869
6,3 BHK Independent House in Vidhan Sabha Road,Raipur,Vidhan Sabha Road,Independent House,3,1172,3,Unfurnished,No,19000,21.252881,81.610788
7,3 BHK Apartment in Sector 9,Bhilai,Sector 9,Apartment,3,1715,3,Semi-Furnished,Yes,17600,21.191369,81.337758
8,4 BHK Apartment in Pandri,Raipur,Pandri,Apartment,4,2167,4,Furnished,Yes,49100,21.262418,81.636936
9,2 BHK Apartment in Magneto Mall Area,Raipur,Magneto Mall Area,Apartment,2,859,2,Semi-Furnished,No,15000,21.235128,81.659752
10,2 BHK Apartment in Civic Centre,Bhilai,Civic Centre,Apartment,2,1055,1,Furnished,Yes,13400,21.18605,81.290192
11,2 BHK Apartment in Devendra Nagar,Raipur,Devendra Nagar,Apartment,2,1095,1,Semi-Furnished,No,19200,21.252203,81.640276
12,2 BHK Independent House in Smriti Nagar,Bhilai,Smriti Nagar,Independent House,2,1068,2,Semi-Furnished,No,9700,21.213414,81.382219
13,3 BHK Apartment in Magneto Mall Area,Raipur,Magneto Mall Area,Apartment,3,1554,3,Unfurnished,Yes,30600,21.238173,81.650198
14,2 BHK Independent House in Shankar Nagar,Raipur,Shankar Nagar,Independent House,2,876,2,Furnished,Yes,21100,21.259361,81.629752
15,2 BHK Apartment in Nehru Nagar,Bhilai,Nehru Nagar,Apartment,2,834,2,Unfurnished,No,6500,21.196745,81.352235
16,2 BHK Apartment in Mowa,Raipur,Mowa,Apartment,2,1076,2,Semi-Furnished,No,15700,21.263698,81.697679
17,3 BHK Apartment in Supela,Bhilai,Supela,Apartment,3,1596,3,Semi-Furnished,Yes,12900,21.193709,81.30897
18,1 BHK Apartment in Saddu,Raipur,Saddu,Apartment,1,697,1,Semi-Furnished,Yes,12000,21.275908,81.664388
19,2 BHK Independent House in Kabir Nagar,Raipur,Kabir Nagar,Independent House,2,1097,2,Semi-Furnished,No,19100,21.244499,81.612993
20,2 BHK Independent House in Devendra Nagar,Raipur,Devendra Nagar,Independent House,2,1165,2,Furnished,No,27700,21.246334,81.648637
21,2 BHK Apartment in Vidhan Sabha Road,Raipur,Vidhan Sabha Road,Apartment,2,1133,2,Semi-Furnished,Yes,23400,21.251352,81.607022
22,2 BHK Apartment in Risali,Bhilai,Risali,Apartment,2,952,2,Semi-Furnished,Yes,11300,21.192933,81.3466
23,3 BHK Apartment in Mowa,Raipur,Mowa,Apartment,3,1421,3,Furnished,Yes,24600,21.271484,81.698717
24,4 BHK Independent House in Sector 9,Bhilai,Sector 9,Independent House,4,1679,4,Furnished,Yes,22200,21.193476,81.328521
25,2 BHK Apartment in Nehru Nagar,Bhilai,Nehru Nagar,Apartment,2,964,1,Unfurnished,No,8200,21.194744,81.355247
26,4 BHK Apartment in Sector 7,Bhilai,Sector 7,Apartment,4,2158,4,Unfurnished,No,22600,21.197074,81.339967
27,3 BHK Apartment in Risali,Bhilai,Risali,Apartment,3,1240,3,Semi-Furnished,No,13700,21.194305,81.350899
28,2 BHK Independent House in Pandri,Raipur,Pandri,Independent House,2,808,2,Semi-Furnished,Yes,15400,21.257056,81.634056
29,2 BHK Apartment in Katora Talab,Raipur,Katora Talab,Apartment,2,1094,2,Semi-Furnished,No,17100,21.245919,81.62634
30,2 BHK Apartment in Sarona,Raipur,Sarona,Apartment,2,784,2,Unfurnished,Yes,10000,21.230604,81.605642
31,2 BHK Apartment in Kachna,Raipur,Kachna,Apartment,2,877,1,Semi-Furnished,Yes,15000,21.266174,81.656319
32,3 BHK Apartment in Junwani,Bhilai,Junwani,Apartment,3,1662,2,Semi-Furnished,No,14900,21.223042,81.366397
33,2 BHK Apartment in Kachna,Raipur,Kachna,Apartment,2,914,2,Furnished,Yes,19200,21.269462,81.65857
34,1 BHK Apartment in Mowa,Raipur,Mowa,Apartment,1,652,1,Unfurnished,Yes,10200,21.276246,81.691674
35,2 BHK Apartment in Charoda,Bhilai,Charoda,Apartment,2,754,2,Semi-Furnished,No,5100,21.229017,81.424115
36,2 BHK Apartment in Naya Raipur,Raipur,Naya Raipur,Apartment,2,821,1,Unfurnished,Yes,15200,21.158449,81.791304
37,2 BHK Apartment in Kachna,Raipur,Kachna,Apartment,2,1088,2,Unfurnished,No,17000,21.262938,81.66266
38,2 BHK Apartment in Naya Raipur,Raipur,Naya Raipur,Apartment,2,1109,1,Semi-Furnished,Yes,20000,21.163352,81.779709
39,4 BHK Apartment in Nehru Nagar,Bhilai,Nehru Nagar,Apartment,4,1754,4,Unfurnished,No,16300,21.200786,81.345092
40,2 BHK Apartment in Sarona,Raipur,Sarona,Apartment,2,869,2,Unfurnished,No,13300,21.22874,81.597317
41,4 BHK Apartment in Kohka,Bhilai,Kohka,Apartment,4,2322,4,Furnished,Yes,20900,21.204646,81.395189
42,4 BHK Apartment in Power House,Bhilai,Power House,Apartment,4,1723,4,Semi-Furnished,Yes,14800,21.21019,81.316509
43,2 BHK Apartment in Telibandha,Raipur,Telibandha,Apartment,2,1179,1,Unfurnished,Yes,21000,21.248264,81.660941
44,1 BHK Apartment in Telibandha,Raipur,Telibandha,Apartment,1,614,1,Furnished,Yes,14800,21.238338,81.660775
45,4 BHK Apartment in Civic Centre,Bhilai,Civic Centre,Apartment,4,2253,4,Furnished,Yes,29100,21.192423,81.281631
46,2 BHK Apartment in Civil Lines,Raipur,Civil Lines,Apartment,2,1029,1,Semi-Furnished,Yes,22000,21.246632,81.615284
47,2 BHK Independent House in Mowa,Raipur,Mowa,Independent House,2,973,2,Furnished,Yes,21600,21.271139,81.69206
48,4 BHK Apartment in Telibandha,Raipur,Telibandha,Apartment,4,2151,4,Semi-Furnished,No,48500,21.24307,81.664114
49,2 BHK Apartment in Pandri,Raipur,Pandri,Apartment,2,1097,2,Furnished,Yes,22300,21.256853,81.636673
50,4 BHK Independent House in Power House,Bhilai,Power House,Independent House,4,2094,4,Furnished,Yes,24700,21.216322,81.320924
51,2 BHK Apartment in Junwani,Bhilai,Junwani,Apartment,2,756,2,Semi-Furnished,Yes,7000,21.215726,81.369026
52,2 BHK Apartment in Pandri,Raipur,Pandri,Apartment,2,1021,2,Unfurnished,No,16800,21.262704,81.639345
53,2 BHK Independent House in Junwani,Bhilai,Junwani,Independent House,2,1008,2,Furnished,Yes,11000,21.212654,81.372922
54,2 BHK Apartment in Devendra Nagar,Raipur,Devendra Nagar,Apartment,2,886,2,Semi-Furnished,Yes,15900,21.25947,81.642942
55,3 BHK Apartment in Saddu,Raipur,Saddu,Apartment,3,1529,3,Unfurnished,Yes,23600,21.280463,81.67034
56,4 BHK Apartment in Kabir Nagar,Raipur,Kabir Nagar,Apartment,4,1951,3,Unfurnished,No,32900,21.246185,81.620157
57,2 BHK Independent House in Kohka,Bhilai,Kohka,Independent House,2,801,2,Semi-Furnished,No,6300,21.208453,81.384833
58,1 BHK Apartment in Kohka,Bhilai,Kohka,Apartment,1,590,1,Unfurnished,No,3800,21.212909,81.391276
59,2 BHK Independent House in Kabir Nagar,Raipur,Kabir Nagar,Independent House,2,1177,2,Unfurnished,Yes,18700,21.238564,81.617117
60,3 BHK Apartment in Kabir Nagar,Raipur,Kabir Nagar,Apartment,3,1195,3,Unfurnished,Yes,20700,21.243268,81.622658
61,1 BHK Apartment in Sector 7,Bhilai,Sector 7,Apartment,1,591,1,Unfurnished,Yes,5900,21.19196,81.330962
62,3 BHK Independent House in Shanti Nagar,Bhilai,Shanti Nagar,Independent House,3,1133,3,Furnished,No,11100,21.192726,81.361491
63,1 BHK Apartment in Nehru Nagar,Bhilai,Nehru Nagar,Apartment,1,475,1,Furnished,Yes,5700,21.191816,81.344654
64,2 BHK Apartment in Sector 7,Bhilai,Sector 7,Apartment,2,906,2,Furnished,No,9800,21.188211,81.342171
65,2 BHK Independent House in Magneto Mall Area,Raipur,Magneto Mall Area,Independent House,2,914,2,Semi-Furnished,Yes,18500,21.240128,81.653032
66,2 BHK Independent House in Sarona,Raipur,Sarona,Independent House,2,776,2,Semi-Furnished,Yes,13900,21.223411,81.602887
67,2 BHK Apartment in Sector 5,Bhilai,Sector 5,Apartment,2,919,2,Unfurnished,No,8300,21.201746,81.347379
68,4 BHK Independent House in Civil Lines,Raipur,Civil Lines,Independent House,4,1674,3,Semi-Furnished,Yes,37600,21.250302,81.608994
69,4 BHK Apartment in Shanti Nagar,Bhilai,Shanti Nagar,Apartment,4,1860,4,Semi-Furnished,Yes,15300,21.199766,81.36811
70,1 BHK Apartment in Vidhan Sabha Road,Raipur,Vidhan Sabha Road,Apartment,1,551,1,Semi-Furnished,Yes,10000,21.250415,81.607247
71,1 BHK Apartment in Smriti Nagar,Bhilai,Smriti Nagar,Apartment,1,655,1,Unfurnished,No,5400,21.203091,81.383679
72,4 BHK Apartment in Kachna,Raipur,Kachna,Apartment,4,1603,3,Semi-Furnished,No,27400,21.266968,81.650675
73,2 BHK Independent House in Avanti Vihar,Raipur,Avanti Vihar,Independent House,2,888,2,Semi-Furnished,No,16900,21.242127,81.655492
74,4 BHK Apartment in Mowa,Raipur,Mowa,Apartment,4,2131,4,Semi-Furnished,Yes,36100,21.276357,81.692828
75,1 BHK Apartment in Risali,Bhilai,Risali,Apartment,1,534,1,Unfurnished,Yes,6800,21.192291,81.343153
76,2 BHK Independent House in Supela,Bhilai,Supela,Independent House,2,940,2,Unfurnished,No,7700,21.191196,81.309416
77,2 BHK Independent House in Sector 5,Bhilai,Sector 5,Independent House,2,838,1,Unfurnished,Yes,7800,21.188375,81.347736
78,3 BHK Apartment in Maitri Nagar,Bhilai,Maitri Nagar,Apartment,3,1439,3,Semi-Furnished,No,19300,21.182524,81.353878
79,4 BHK Independent House in Kabir Nagar,Raipur,Kabir Nagar,Independent House,4,2081,3,Furnished,Yes,37900,21.250416,81.615917
80,1 BHK Apartment in Sector 7,Bhilai,Sector 7,Apartment,1,495,1,Semi-Furnished,Yes,5200,21.189409,81.339683
81,2 BHK Apartment in Kachna,Raipur,Kachna,Apartment,2,775,2,Unfurnished,Yes,13600,21.262509,81.659332
82,3 BHK Apartment in Sarona,Raipur,Sarona,Apartment,3,1200,3,Furnished,Yes,20600,21.2294,81.59424
83,2 BHK Apartment in Kachna,Raipur,Kachna,Apartment,2,1123,2,Furnished,Yes,25300,21.275408,81.65301
84,3 BHK Apartment in Sector 5,Bhilai,Sector 5,Apartment,3,1498,3,Semi-Furnished,Yes,14700,21.192465,81.34681
85,3 BHK Independent House in Sector 7,Bhilai,Sector 7,Independent House,3,1423,2,Semi-Furnished,Yes,16600,21.193094,81.341695
86,4 BHK Apartment in Nehru Nagar,Bhilai,Nehru Nagar,Apartment,4,2143,4,Semi-Furnished,Yes,19300,21.196096,81.34831
87,4 BHK Apartment in Shankar Nagar,Raipur,Shankar Nagar,Apartment,4,2143,3,Semi-Furnished,Yes,44200,21.259165,81.634508
88,3 BHK Apartment in Mowa,Raipur,Mowa,Apartment,3,1390,2,Unfurnished,No,19100,21.2732,81.693931
89,3 BHK Apartment in Telibandha,Raipur,Telibandha,Apartment,3,1182,3,Unfurnished,Yes,24200,21.234128,81.660022
90,2 BHK Apartment in Smriti Nagar,Bhilai,Smriti Nagar,Apartment,2,964,2,Unfurnished,No,6500,21.214216,81.379645
91,2 BHK Apartment in Naya Raipur,Raipur,Naya Raipur,Apartment,2,1096,2,Furnished,Yes,20600,21.15714,81.787171
92,3 BHK Apartment in Civil Lines,Raipur,Civil Lines,Apartment,3,1600,3,Unfurnished,Yes,32500,21.241757,81.613238
93,3 BHK Independent House in Pandri,Raipur,Pandri,Independent House,3,1661,3,Furnished,Yes,36900,21.259487,81.628987
94,1 BHK Apartment in Civil Lines,Raipur,Civil Lines,Apartment,1,563,1,Semi-Furnished,Yes,12300,21.243192,81.612957
95,4 BHK Apartment in Sector 9,Bhilai,Sector 9,Apartment,4,2387,4,Semi-Furnished,No,27300,21.191547,81.324563
96,2 BHK Apartment in Civil Lines,Raipur,Civil Lines,Apartment,2,852,2,Unfurnished,No,16500,21.242079,81.60399
97,4 BHK Independent House in Sector 7,Bhilai,Sector 7,Independent House,4,2048,4,Furnished,Yes,24200,21.186718,81.341548
98,2 BHK Apartment in Maitri Nagar,Bhilai,Maitri Nagar,Apartment,2,796,2,Semi-Furnished,Yes,9400,21.182914,81.347836
99,3 BHK Apartment in Devendra Nagar,Raipur,Devendra Nagar,Apartment,3,1770,3,Semi-Furnished,No,32100,21.254983,81.643597
100,3 BHK Apartment in Junwani,Bhilai,Junwani,Apartment,3,1723,3,Semi-Furnished,Yes,14800,21.221677,81.359611
101,3 BHK Apartment in Avanti Vihar,Raipur,Avanti Vihar,Apartment,3,1110,3,Unfurnished,Yes,20300,21.232345,81.649817
102,1 BHK Apartment in Kachna,Raipur,Kachna,Apartment,1,680,1,Semi-Furnished,Yes,12800,21.261824,81.654398
103,1 BHK Apartment in Mowa,Raipur,Mowa,Apartment,1,661,1,Unfurnished,Yes,10800,21.273618,81.696371
104,3 BHK Apartment in Risali,Bhilai,Risali,Apartment,3,1700,2,Unfurnished,Yes,17500,21.193579,81.354869
105,2 BHK Apartment in Civic Centre,Bhilai,Civic Centre,Apartment,2,1035,2,Semi-Furnished,Yes,12700,21.193741,81.283333
106,2 BHK Apartment in Shanti Nagar,Bhilai,Shanti Nagar,Apartment,2,1001,2,Semi-Furnished,No,7500,21.199212,81.359971
107,2 BHK Apartment in Pandri,Raipur,Pandri,Apartment,2,1026,2,Furnished,Yes,23600,21.25965,81.642425
108,2 BHK Independent House in Shankar Nagar,Raipur,Shankar Nagar,Independent House,2,807,2,Unfurnished,Yes,17700,21.254915,81.63715
109,3 BHK Apartment in Pandri,Raipur,Pandri,Apartment,3,1670,3,Semi-Furnished,Yes,31300,21.257077,81.638165
110,3 BHK Independent House in Telibandha,Raipur,Telibandha,Independent House,3,1651,3,Unfurnished,Yes,30300,21.238478,81.664366
111,2 BHK Independent House in Charoda,Bhilai,Charoda,Independent House,2,877,2,Unfurnished,No,5300,21.237765,81.411503
112,3 BHK Apartment in Sarona,Raipur,Sarona,Apartment,3,1116,3,Unfurnished,Yes,15600,21.231152,81.604655
113,2 BHK Independent House in Risali,Bhilai,Risali,Independent House,2,750,1,Semi-Furnished,Yes,9000,21.185024,81.356308
114,2 BHK Apartment in Charoda,Bhilai,Charoda,Apartment,2,927,2,Furnished,Yes,7100,21.230157,81.414857
115,2 BHK Apartment in Devendra Nagar,Raipur,Devendra Nagar,Apartment,2,1096,2,Semi-Furnished,Yes,22100,21.254123,81.639989
116,2 BHK Apartment in Sector 5,Bhilai,Sector 5,Apartment,2,1101,2,Furnished,Yes,14100,21.193862,81.345309
117,4 BHK Apartment in Shankar Nagar,Raipur,Shankar Nagar,Apartment,4,2243,4,Semi-Furnished,Yes,44700,21.24803,81.622877
118,2 BHK Apartment in Vidhan Sabha Road,Raipur,Vidhan Sabha Road,Apartment,2,1039,2,Furnished,No,19500,21.257019,81.619387
119,4 BHK Apartment in Nehru Nagar,Bhilai,Nehru Nagar,Apartment,4,2135,4,Semi-Furnished,Yes,18200,21.192942,81.346123
120,1 BHK Independent House in Mowa,Raipur,Mowa,Independent House,1,542,1,Furnished,Yes,11700,21.264579,81.689049
121,2 BHK Independent House in Shanti Nagar,Bhilai,Shanti Nagar,Independent House,2,926,1,Unfurnished,No,8200,21.193983,81.362414
122,2 BHK Apartment in Pandri,Raipur,Pandri,Apartment,2,1108,2,Furnished,Yes,22300,21.258855,81.638373
123,3 BHK Apartment in Sector 7,Bhilai,Sector 7,Apartment,3,1572,2,Semi-Furnished,Yes,15500,21.19249,81.344825
124,3 BHK Independent House in Katora Talab,Raipur,Katora Talab,Independent House,3,1406,3,Semi-Furnished,Yes,26400,21.237694,81.625481
125,2 BHK Apartment in Supela,Bhilai,Supela,Apartment,2,976,2,Semi-Furnished,Yes,7500,21.192667,81.321415
126,2 BHK Apartment in Mowa,Raipur,Mowa,Apartment,2,978,1,Semi-Furnished,Yes,16700,21.275864,81.685018
127,2 BHK Apartment in Sarona,Raipur,Sarona,Apartment,2,758,2,Unfurnished,Yes,9900,21.223471,81.599123
128,4 BHK Apartment in Telibandha,Raipur,Telibandha,Apartment,4,1709,4,Unfurnished,No,32400,21.233903,81.657487
129,1 BHK Apartment in Power House,Bhilai,Power House,Apartment,1,549,1,Furnished,Yes,6900,21.212191,81.315099
130,2 BHK Apartment in Vidhan Sabha Road,Raipur,Vidhan Sabha Road,Apartment,2,1145,1,Unfurnished,Yes,18000,21.260807,81.609913
131,2 BHK Independent House in Civil Lines,Raipur,Civil Lines,Independent House,2,884,2,Semi-Furnished,Yes,19400,21.242904,81.61503
132,3 BHK Apartment in Risali,Bhilai,Risali,Apartment,3,1244,3,Unfurnished,No,12400,21.192565,81.34362
133,4 BHK Independent House in Avanti Vihar,Raipur,Avanti Vihar,Independent House,4,1612,4,Semi-Furnished,Yes,37500,21.23254,81.655988
134,3 BHK Apartment in Kohka,Bhilai,Kohka,Apartment,3,1688,2,Unfurnished,Yes,11700,21.205551,81.389439
135,2 BHK Apartment in Sarona,Raipur,Sarona,Apartment,2,880,2,Semi-Furnished,No,14200,21.221879,81.602293
136,3 BHK Independent House in Telibandha,Raipur,Telibandha,Independent House,3,1770,3,Semi-Furnished,Yes,39900,21.2458,81.668857
137,4 BHK Apartment in Katora Talab,Raipur,Katora Talab,Apartment,4,2301,4,Semi-Furnished,Yes,34900,21.23845,81.622131
138,3 BHK Apartment in Supela,Bhilai,Supela,Apartment,3,1723,3,Semi-Furnished,Yes,14100,21.190024,81.312002
139,2 BHK Apartment in Katora Talab,Raipur,Katora Talab,Apartment,2,1060,2,Furnished,Yes,22300,21.237326,81.621079
140,2 BHK Apartment in Sarona,Raipur,Sarona,Apartment,2,1100,1,Unfurnished,Yes,15900,21.221298,81.590851
141,3 BHK Independent House in Junwani,Bhilai,Junwani,Independent House,3,1568,3,Unfurnished,No,13400,21.215725,81.366762
142,1 BHK Apartment in Kohka,Bhilai,Kohka,Apartment,1,650,1,Semi-Furnished,Yes,5300,21.21311,81.385389
143,4 BHK Apartment in Civil Lines,Raipur,Civil Lines,Apartment,4,1711,4,Unfurnished,Yes,36200,21.246157,81.604897
144,3 BHK Independent House in Magneto Mall Area,Raipur,Magneto Mall Area,Independent House,3,1395,3,Semi-Furnished,No,28600,21.241673,81.654963
145,2 BHK Independent House in Sarona,Raipur,Sarona,Independent House,2,1129,1,Furnished,Yes,22100,21.226746,81.594529
146,1 BHK Apartment in Smriti Nagar,Bhilai,Smriti Nagar,Apartment,1,693,1,Semi-Furnished,Yes,6200,21.20592,81.373783
147,4 BHK Apartment in Shanti Nagar,Bhilai,Shanti Nagar,Apartment,4,2098,4,Semi-Furnished,Yes,17500,21.201849,81.354161
148,2 BHK Apartment in Smriti Nagar,Bhilai,Smriti Nagar,Apartment,2,987,2,Unfurnished,No,6700,21.212275,81.380153
149,1 BHK Apartment in Saddu,Raipur,Saddu,Apartment,1,540,1,Semi-Furnished,Yes,9700,21.269993,81.671115
150,1 BHK Apartment in Charoda,Bhilai,Charoda,Apartment,1,583,1,Unfurnished,Yes,4100,21.233871,81.422088
151,4 BHK Independent House in Charoda,Bhilai,Charoda,Independent House,4,1933,4,Furnished,Yes,15300,21.233118,81.425513
152,3 BHK Apartment in Avanti Vihar,Raipur,Avanti Vihar,Apartment,3,1383,3,Furnished,Yes,29900,21.233336,81.653528
153,1 BHK Independent House in Kohka,Bhilai,Kohka,Independent House,1,645,1,Semi-Furnished,Yes,5900,21.211596,81.393192
154,3 BHK Independent House in Devendra Nagar,Raipur,Devendra Nagar,Independent House,3,1220,3,Furnished,Yes,30400,21.250548,81.64092
155,2 BHK Independent House in Kohka,Bhilai,Kohka,Independent House,2,790,1,Furnished,Yes,7400,21.202084,81.399416
156,1 BHK Apartment in Pandri,Raipur,Pandri,Apartment,1,571,1,Semi-Furnished,Yes,11200,21.264927,81.628094
157,3 BHK Apartment in Nehru Nagar,Bhilai,Nehru Nagar,Apartment,3,1438,3,Unfurnished,Yes,11500,21.194186,81.350706
158,2 BHK Apartment in Sector 5,Bhilai,Sector 5,Apartment,2,910,1,Semi-Furnished,Yes,10000,21.199567,81.341289
159,2 BHK Apartment in Nehru Nagar,Bhilai,Nehru Nagar,Apartment,2,802,2,Unfurnished,No,6500,21.189653,81.354445
160,2 BHK Apartment in Shankar Nagar,Raipur,Shankar Nagar,Apartment,2,1035,2,Furnished,No,22600,21.243914,81.626647
161,1 BHK Independent House in Mowa,Raipur,Mowa,Independent House,1,517,1,Unfurnished,Yes,9200,21.279178,81.687303
162,3 BHK Apartment in Kachna,Raipur,Kachna,Apartment,3,1763,3,Unfurnished,Yes,27800,21.27169,81.650091
163,3 BHK Apartment in Kachna,Raipur,Kachna,Apartment,3,1319,3,Furnished,Yes,24800,21.270751,81.656389
164,1 BHK Independent House in Charoda,Bhilai,Charoda,Independent House,1,488,1,Unfurnished,Yes,3700,21.233974,81.415942
165,3 BHK Independent House in Magneto Mall Area,Raipur,Magneto Mall Area,Independent House,3,1528,3,Semi-Furnished,Yes,33000,21.248207,81.660691
166,1 BHK Apartment in Sarona,Raipur,Sarona,Apartment,1,584,1,Furnished,Yes,11500,21.226998,81.604181
167,2 BHK Apartment in Junwani,Bhilai,Junwani,Apartment,2,959,1,Semi-Furnished,Yes,9600,21.215086,81.364713
168,2 BHK Apartment in Junwani,Bhilai,Junwani,Apartment,2,1093,2,Semi-Furnished,Yes,9300,21.216071,81.366362
169,2 BHK Apartment in Civil Lines,Raipur,Civil Lines,Apartment,2,892,1,Semi-Furnished,Yes,21800,21.255199,81.606198
170,1 BHK Apartment in Saddu,Raipur,Saddu,Apartment,1,539,1,Semi-Furnished,Yes,10700,21.278922,81.676393
171,2 BHK Apartment in Sector 5,Bhilai,Sector 5,Apartment,2,886,2,Semi-Furnished,Yes,8000,21.19835,81.337464
172,3 BHK Apartment in Devendra Nagar,Raipur,Devendra Nagar,Apartment,3,1349,3,Semi-Furnished,No,25500,21.257969,81.647024
173,2 BHK Apartment in Katora Talab,Raipur,Katora Talab,Apartment,2,1136,2,Semi-Furnished,Yes,16700,21.232423,81.626117
174,2 BHK Independent House in Katora Talab,Raipur,Katora Talab,Independent House,2,1119,1,Unfurnished,Yes,18600,21.245259,81.617064
175,1 BHK Apartment in Avanti Vihar,Raipur,Avanti Vihar,Apartment,1,521,1,Semi-Furnished,Yes,11200,21.233882,81.650109
176,4 BHK Apartment in Civil Lines,Raipur,Civil Lines,Apartment,4,1640,4,Semi-Furnished,Yes,37100,21.250658,81.614895
177,2 BHK Apartment in Maitri Nagar,Bhilai,Maitri Nagar,Apartment,2,865,2,Unfurnished,Yes,9200,21.19289,81.353731
178,2 BHK Apartment in Nehru Nagar,Bhilai,Nehru Nagar,Apartment,2,813,2,Semi-Furnished,Yes,8300,21.19497,81.352303
179,4 BHK Apartment in Smriti Nagar,Bhilai,Smriti Nagar,Apartment,4,1889,4,Unfurnished,Yes,13500,21.205666,81.383052
180,4 BHK Apartment in Katora Talab,Raipur,Katora Talab,Apartment,4,1749,4,Unfurnished,No,24600,21.238878,81.618803
181,3 BHK Independent House in Nehru Nagar,Bhilai,Nehru Nagar,Independent House,3,1636,3,Furnished,No,17500,21.199422,81.348548
182,2 BHK Apartment in Naya Raipur,Raipur,Naya Raipur,Apartment,2,1033,1,Furnished,Yes,21500,21.165467,81.790598
183,2 BHK Apartment in Shankar Nagar,Raipur,Shankar Nagar,Apartment,2,1059,2,Semi-Furnished,Yes,25200,21.249457,81.630433
184,1 BHK Independent House in Kachna,Raipur,Kachna,Independent House,1,696,1,Semi-Furnished,No,13400,21.271309,81.659095
185,1 BHK Apartment in Charoda,Bhilai,Charoda,Apartment,1,510,1,Unfurnished,No,3400,21.232333,81.413889
186,1 BHK Independent House in Avanti Vihar,Raipur,Avanti Vihar,Independent House,1,660,1,Semi-Furnished,Yes,15200,21.230928,81.655178
187,1 BHK Apartment in Kabir Nagar,Raipur,Kabir Nagar,Apartment,1,584,1,Furnished,Yes,12800,21.245922,81.610725
188,3 BHK Independent House in Katora Talab,Raipur,Katora Talab,Independent House,3,1421,3,Furnished,Yes,27300,21.244152,81.626235
189,4 BHK Apartment in Saddu,Raipur,Saddu,Apartment,4,2284,4,Semi-Furnished,No,38000,21.272756,81.662046
190,1 BHK Apartment in Supela,Bhilai,Supela,Apartment,1,571,1,Semi-Furnished,Yes,4800,21.198481,81.311687
191,4 BHK Independent House in Saddu,Raipur,Saddu,Independent House,4,1687,3,Unfurnished,No,29900,21.274302,81.670183
192,4 BHK Apartment in Shankar Nagar,Raipur,Shankar Nagar,Apartment,4,1782,3,Furnished,Yes,40200,21.249383,81.624185
193,2 BHK Apartment in Mowa,Raipur,Mowa,Apartment,2,1076,2,Semi-Furnished,Yes,16500,21.265422,81.696746
194,3 BHK Apartment in Smriti Nagar,Bhilai,Smriti Nagar,Apartment,3,1351,3,Furnished,Yes,12400,21.211175,81.381595
195,3 BHK Independent House in Pandri,Raipur,Pandri,Independent House,3,1326,2,Furnished,Yes,29100,21.252036,81.64254
196,3 BHK Apartment in Naya Raipur,Raipur,Naya Raipur,Apartment,3,1305,3,Unfurnished,Yes,21300,21.164758,81.789126
197,2 BHK Apartment in Shanti Nagar,Bhilai,Shanti Nagar,Apartment,2,1025,2,Semi-Furnished,Yes,8700,21.202584,81.367434
198,2 BHK Apartment in Pandri,Raipur,Pandri,Apartment,2,884,2,Unfurnished,Yes,13500,21.263948,81.636383
199,2 BHK Apartment in Supela,Bhilai,Supela,Apartment,2,1110,2,Semi-Furnished,Yes,9200,21.200369,81.317699
200,3 BHK Apartment in Civil Lines,Raipur,Civil Lines,Apartment,3,1258,3,Furnished,No,35200,21.242097,81.612685
201,2 BHK Apartment in Pandri,Raipur,Pandri,Apartment,2,858,1,Semi-Furnished,Yes,14600,21.258833,81.628498
202,2 BHK Apartment in Maitri Nagar,Bhilai,Maitri Nagar,Apartment,2,1029,2,Furnished,No,14700,21.194332,81.344409
203,2 BHK Apartment in Sector 7,Bhilai,Sector 7,Apartment,2,815,2,Unfurnished,Yes,7400,21.190974,81.334854
204,2 BHK Apartment in Shankar Nagar,Raipur,Shankar Nagar,Apartment,2,783,2,Unfurnished,Yes,16800,21.253686,81.623886
205,3 BHK Apartment in Power House,Bhilai,Power House,Apartment,3,1253,3,Unfurnished,Yes,12300,21.217337,81.323445
206,4 BHK Apartment in Smriti Nagar,Bhilai,Smriti Nagar,Apartment,4,2132,4,Semi-Furnished,No,16700,21.209087,81.380695
207,3 BHK Apartment in Pandri,Raipur,Pandri,Apartment,3,1760,3,Semi-Furnished,Yes,29700,21.263369,81.634675
208,2 BHK Apartment in Kabir Nagar,Raipur,Kabir Nagar,Apartment,2,1117,2,Semi-Furnished,Yes,17900,21.244465,81.62103
209,1 BHK Apartment in Avanti Vihar,Raipur,Avanti Vihar,Apartment,1,492,1,Semi-Furnished,Yes,9700,21.23494,81.646556
210,3 BHK Apartment in Avanti Vihar,Raipur,Avanti Vihar,Apartment,3,1561,3,Unfurnished,Yes,26700,21.242254,81.643339
211,2 BHK Apartment in Telibandha,Raipur,Telibandha,Apartment,2,836,1,Semi-Furnished,Yes,17100,21.246195,81.665518
212,2 BHK Apartment in Naya Raipur,Raipur,Naya Raipur,Apartment,2,802,2,Unfurnished,Yes,14000,21.159529,81.77942
213,4 BHK Apartment in Kohka,Bhilai,Kohka,Apartment,4,2069,4,Semi-Furnished,Yes,15000,21.210118,81.387526
214,2 BHK Independent House in Sarona,Raipur,Sarona,Independent House,2,781,2,Semi-Furnished,Yes,12300,21.230693,81.596798
215,2 BHK Apartment in Supela,Bhilai,Supela,Apartment,2,1121,2,Semi-Furnished,Yes,8900,21.199543,81.313528
216,1 BHK Apartment in Maitri Nagar,Bhilai,Maitri Nagar,Apartment,1,594,1,Furnished,No,9600,21.186426,81.351277
217,2 BHK Apartment in Devendra Nagar,Raipur,Devendra Nagar,Apartment,2,1007,2,Furnished,Yes,22800,21.251211,81.644759
218,2 BHK Apartment in Sector 7,Bhilai,Sector 7,Apartment,2,765,2,Furnished,Yes,9400,21.19918,81.337154
219,3 BHK Independent House in Naya Raipur,Raipur,Naya Raipur,Independent House,3,1671,3,Semi-Furnished,Yes,34300,21.164047,81.781412
220,2 BHK Apartment in Kabir Nagar,Raipur,Kabir Nagar,Apartment,2,1086,1,Unfurnished,Yes,16400,21.248085,81.623686
221,4 BHK Apartment in Sector 7,Bhilai,Sector 7,Apartment,4,1858,4,Unfurnished,No,19000,21.196822,81.344518
222,2 BHK Apartment in Power House,Bhilai,Power House,Apartment,2,1161,1,Semi-Furnished,Yes,10400,21.210408,81.314661
223,3 BHK Apartment in Maitri Nagar,Bhilai,Maitri Nagar,Apartment,3,1685,3,Furnished,Yes,27100,21.184875,81.34419
224,2 BHK Apartment in Magneto Mall Area,Raipur,Magneto Mall Area,Apartment,2,915,2,Semi-Furnished,No,17900,21.247902,81.658843
225,2 BHK Apartment in Magneto Mall Area,Raipur,Magneto Mall Area,Apartment,2,1134,2,Furnished,Yes,24700,21.247295,81.647192
226,4 BHK Apartment in Smriti Nagar,Bhilai,Smriti Nagar,Apartment,4,1731,3,Unfurnished,No,10900,21.215786,81.377431
227,2 BHK Apartment in Civic Centre,Bhilai,Civic Centre,Apartment,2,914,1,Semi-Furnished,Yes,11600,21.184576,81.290476
228,2 BHK Apartment in Avanti Vihar,Raipur,Avanti Vihar,Apartment,2,890,1,Semi-Furnished,Yes,16000,21.242395,81.650054
229,2 BHK Apartment in Shankar Nagar,Raipur,Shankar Nagar,Apartment,2,1087,2,Unfurnished,No,20100,21.246789,81.630229
230,2 BHK Apartment in Sector 5,Bhilai,Sector 5,Apartment,2,1074,2,Semi-Furnished,No,9900,21.188639,81.345123
231,2 BHK Apartment in Telibandha,Raipur,Telibandha,Apartment,2,1142,2,Semi-Furnished,No,24700,21.245545,81.65612
232,2 BHK Apartment in Charoda,Bhilai,Charoda,Apartment,2,1155,1,Unfurnished,No,6500,21.230264,81.416279
233,2 BHK Apartment in Mowa,Raipur,Mowa,Apartment,2,987,2,Furnished,Yes,19800,21.270523,81.688795
234,3 BHK Independent House in Telibandha,Raipur,Telibandha,Independent House,3,1524,3,Semi-Furnished,Yes,35600,21.233189,81.665515
235,3 BHK Apartment in Junwani,Bhilai,Junwani,Apartment,3,1374,2,Furnished,Yes,13800,21.224197,81.361749
236,2 BHK Independent House in Smriti Nagar,Bhilai,Smriti Nagar,Independent House,2,804,2,Semi-Furnished,Yes,6900,21.216434,81.373822
237,3 BHK Independent House in Telibandha,Raipur,Telibandha,Independent House,3,1727,3,Furnished,No,42300,21.237247,81.657456
238,2 BHK Apartment in Kabir Nagar,Raipur,Kabir Nagar,Apartment,2,1151,2,Semi-Furnished,Yes,21100,21.245304,81.623762
239,4 BHK Apartment in Katora Talab,Raipur,Katora Talab,Apartment,4,2012,4,Semi-Furnished,Yes,30800,21.240652,81.615877
240,2 BHK Independent House in Saddu,Raipur,Saddu,Independent House,2,811,1,Semi-Furnished,Yes,14700,21.276659,81.668804
241,2 BHK Apartment in Power House,Bhilai,Power House,Apartment,2,914,2,Semi-Furnished,Yes,8500,21.214945,81.324245
242,4 BHK Apartment in Junwani,Bhilai,Junwani,Apartment,4,2110,4,Unfurnished,Yes,18200,21.210442,81.363997
243,1 BHK Apartment in Shankar Nagar,Raipur,Shankar Nagar,Apartment,1,643,1,Unfurnished,Yes,13800,21.252943,81.627756
244,3 BHK Apartment in Devendra Nagar,Raipur,Devendra Nagar,Apartment,3,1270,3,Unfurnished,No,21000,21.249897,81.635529
245,1 BHK Apartment in Vidhan Sabha Road,Raipur,Vidhan Sabha Road,Apartment,1,613,1,Unfurnished,Yes,12500,21.262589,81.608486
246,2 BHK Apartment in Risali,Bhilai,Risali,Apartment,2,1050,2,Furnished,No,15700,21.184377,81.357271
247,3 BHK Apartment in Katora Talab,Raipur,Katora Talab,Apartment,3,1617,3,Unfurnished,Yes,21800,21.239718,81.628817
248,4 BHK Apartment in Telibandha,Raipur,Telibandha,Apartment,4,1724,4,Furnished,Yes,46800,21.242627,81.668701
249,2 BHK Apartment in Katora Talab,Raipur,Katora Talab,Apartment,2,1144,2,Semi-Furnished,Yes,18800,21.240768,81.629652
250,2 BHK Apartment in Magneto Mall Area,Raipur,Magneto Mall Area,Apartment,2,937,2,Semi-Furnished,Yes,20600,21.241943,81.656026
251,2 BHK Independent House in Charoda,Bhilai,Charoda,Independent House,2,856,2,Semi-Furnished,Yes,6000,21.236067,81.410675
252,4 BHK Apartment in Junwani,Bhilai,Junwani,Apartment,4,1795,4,Semi-Furnished,Yes,16800,21.219554,81.359372
253,2 BHK Apartment in Sector 7,Bhilai,Sector 7,Apartment,2,1025,2,Semi-Furnished,Yes,11500,21.197474,81.343193
254,3 BHK Apartment in Sarona,Raipur,Sarona,Apartment,3,1775,3,Unfurnished,Yes,22200,21.228871,81.595096
255,2 BHK Apartment in Smriti Nagar,Bhilai,Smriti Nagar,Apartment,2,1101,1,Furnished,Yes,11200,21.204164,81.380836
256,2 BHK Apartment in Shanti Nagar,Bhilai,Shanti Nagar,Apartment,2,1030,2,Unfurnished,No,7500,21.193743,81.359983
257,2 BHK Apartment in Shankar Nagar,Raipur,Shankar Nagar,Apartment,2,807,1,Unfurnished,Yes,14300,21.255251,81.630326
258,2 BHK Apartment in Devendra Nagar,Raipur,Devendra Nagar,Apartment,2,1195,2,Semi-Furnished,Yes,25100,21.244598,81.645115
259,1 BHK Apartment in Civic Centre,Bhilai,Civic Centre,Apartment,1,618,1,Semi-Furnished,Yes,7700,21.192309,81.281662
260,2 BHK Apartment in Pandri,Raipur,Pandri,Apartment,2,1002,1,Unfurnished,Yes,16700,21.255736,81.64259
261,3 BHK Apartment in Junwani,Bhilai,Junwani,Apartment,3,1714,3,Semi-Furnished,Yes,16400,21.212348,81.362862
262,3 BHK Independent House in Smriti Nagar,Bhilai,Smriti Nagar,Independent House,3,1176,2,Semi-Furnished,Yes,9400,21.214615,81.385317
263,2 BHK Independent House in Sarona,Raipur,Sarona,Independent House,2,792,2,Semi-Furnished,Yes,14500,21.235981,81.605017
264,2 BHK Apartment in Smriti Nagar,Bhilai,Smriti Nagar,Apartment,2,1169,2,Furnished,No,10400,21.209802,81.372016
265,2 BHK Apartment in Avanti Vihar,Raipur,Avanti Vihar,Apartment,2,805,1,Semi-Furnished,No,14800,21.243564,81.645373
266,2 BHK Apartment in Mowa,Raipur,Mowa,Apartment,2,802,1,Semi-Furnished,Yes,13600,21.270018,81.695136
267,1 BHK Apartment in Saddu,Raipur,Saddu,Apartment,1,530,1,Semi-Furnished,Yes,9000,21.280168,81.661874
268,2 BHK Apartment in Kabir Nagar,Raipur,Kabir Nagar,Apartment,2,1119,2,Semi-Furnished,Yes,17900,21.244907,81.614959
269,2 BHK Apartment in Magneto Mall Area,Raipur,Magneto Mall Area,Apartment,2,874,2,Unfurnished,Yes,16100,21.246264,81.655876
270,4 BHK Apartment in Risali,Bhilai,Risali,Apartment,4,2355,4,Semi-Furnished,Yes,29300,21.180674,81.357374
271,2 BHK Independent House in Sarona,Raipur,Sarona,Independent House,2,1189,2,Furnished,Yes,24700,21.229317,81.592845
272,3 BHK Independent House in Smriti Nagar,Bhilai,Smriti Nagar,Independent House,3,1434,3,Unfurnished,Yes,10300,21.213479,81.379855
273,2 BHK Independent House in Naya Raipur,Raipur,Naya Raipur,Independent House,2,944,2,Unfurnished,Yes,15100,21.157932,81.784759
274,2 BHK Independent House in Magneto Mall Area,Raipur,Magneto Mall Area,Independent House,2,1156,1,Semi-Furnished,Yes,27400,21.239405,81.661004
275,2 BHK Apartment in Civil Lines,Raipur,Civil Lines,Apartment,2,956,1,Semi-Furnished,Yes,20200,21.252218,81.609944
276,4 BHK Apartment in Naya Raipur,Raipur,Naya Raipur,Apartment,4,1937,4,Semi-Furnished,No,36000,21.16251,81.783807
277,3 BHK Independent House in Devendra Nagar,Raipur,Devendra Nagar,Independent House,3,1246,3,Semi-Furnished,Yes,27000,21.258283,81.640644
278,3 BHK Apartment in Maitri Nagar,Bhilai,Maitri Nagar,Apartment,3,1364,3,Unfurnished,Yes,16200,21.195906,81.349115
279,3 BHK Independent House in Nehru Nagar,Bhilai,Nehru Nagar,Independent House,3,1539,3,Unfurnished,Yes,15100,21.200201,81.357072
280,3 BHK Independent House in Naya Raipur,Raipur,Naya Raipur,Independent House,3,1542,3,Unfurnished,Yes,29900,21.16441,81.780313
281,1 BHK Apartment in Kabir Nagar,Raipur,Kabir Nagar,Apartment,1,545,1,Unfurnished,Yes,9500,21.243165,81.612737
282,2 BHK Apartment in Shanti Nagar,Bhilai,Shanti Nagar,Apartment,2,1102,1,Semi-Furnished,Yes,8500,21.196586,81.366989
283,2 BHK Apartment in Telibandha,Raipur,Telibandha,Apartment,2,1139,2,Semi-Furnished,No,22000,21.23441,81.65381
284,3 BHK Independent House in Avanti Vihar,Raipur,Avanti Vihar,Independent House,3,1142,3,Semi-Furnished,Yes,24600,21.228702,81.648921
285,3 BHK Apartment in Kachna,Raipur,Kachna,Apartment,3,1454,3,Unfurnished,No,24700,21.261415,81.657563
286,2 BHK Apartment in Power House,Bhilai,Power House,Apartment,2,769,2,Semi-Furnished,No,6800,21.215877,81.318349
287,3 BHK Independent House in Kohka,Bhilai,Kohka,Independent House,3,1308,3,Unfurnished,Yes,9400,21.213316,81.393242
288,1 BHK Independent House in Maitri Nagar,Bhilai,Maitri Nagar,Independent House,1,542,1,Unfurnished,No,7000,21.189885,81.342352
289,4 BHK Apartment in Sector 9,Bhilai,Sector 9,Apartment,4,2093,3,Semi-Furnished,Yes,23500,21.184893,81.325404
290,2 BHK Apartment in Civil Lines,Raipur,Civil Lines,Apartment,2,1033,2,Unfurnished,Yes,21500,21.2527,81.614547
291,2 BHK Apartment in Maitri Nagar,Bhilai,Maitri Nagar,Apartment,2,1026,2,Unfurnished,Yes,11800,21.190995,81.348655
292,3 BHK Independent House in Shanti Nagar,Bhilai,Shanti Nagar,Independent House,3,1109,3,Semi-Furnished,No,10400,21.199072,81.364729
293,3 BHK Apartment in Supela,Bhilai,Supela,Apartment,3,1738,3,Unfurnished,No,14500,21.19903,81.315783
294,3 BHK Apartment in Saddu,Raipur,Saddu,Apartment,3,1767,3,Semi-Furnished,Yes,34300,21.272608,81.673775
295,2 BHK Apartment in Telibandha,Raipur,Telibandha,Apartment,2,944,2,Semi-Furnished,No,18500,21.236463,81.666072
296,4 BHK Independent House in Sector 9,Bhilai,Sector 9,Independent House,4,1720,3,Semi-Furnished,No,19800,21.180419,81.338004
297,2 BHK Apartment in Mowa,Raipur,Mowa,Apartment,2,1150,2,Unfurnished,Yes,18100,21.268994,81.699291
298,1 BHK Apartment in Magneto Mall Area,Raipur,Magneto Mall Area,Apartment,1,574,1,Furnished,No,13400,21.24142,81.656755
299,3 BHK Apartment in Sector 9,Bhilai,Sector 9,Apartment,3,1265,3,Unfurnished,Yes,13300,21.182556,81.331202
300,1 BHK Apartment in Kohka,Bhilai,Kohka,Apartment,1,489,1,Unfurnished,Yes,3600,21.20729,81.399869
301,1 BHK Apartment in Magneto Mall Area,Raipur,Magneto Mall Area,Apartment,1,526,1,Unfurnished,Yes,9300,21.246301,81.660679
302,2 BHK Apartment in Magneto Mall Area,Raipur,Magneto Mall Area,Apartment,2,1064,1,Unfurnished,Yes,18000,21.239473,81.648062
303,2 BHK Independent House in Saddu,Raipur,Saddu,Independent House,2,1044,2,Semi-Furnished,Yes,17700,21.265734,81.665996
304,3 BHK Apartment in Avanti Vihar,Raipur,Avanti Vihar,Apartment,3,1561,3,Furnished,No,32000,21.238436,81.651954
305,2 BHK Independent House in Supela,Bhilai,Supela,Independent House,2,909,2,Furnished,Yes,10400,21.189247,81.311608
306,2 BHK Apartment in Katora Talab,Raipur,Katora Talab,Apartment,2,874,1,Unfurnished,Yes,13000,21.238407,81.617962
307,2 BHK Apartment in Sector 7,Bhilai,Sector 7,Apartment,2,1025,2,Semi-Furnished,Yes,10800,21.188507,81.331
308,2 BHK Independent House in Supela,Bhilai,Supela,Independent House,2,1079,2,Furnished,No,10600,21.189091,81.311634
309,4 BHK Apartment in Telibandha,Raipur,Telibandha,Apartment,4,1921,4,Semi-Furnished,Yes,38500,21.244441,81.653527
310,1 BHK Apartment in Kabir Nagar,Raipur,Kabir Nagar,Apartment,1,523,1,Semi-Furnished,Yes,9600,21.252294,81.610704
311,4 BHK Independent House in Saddu,Raipur,Saddu,Independent House,4,1692,4,Semi-Furnished,No,32100,21.266056,81.675345
312,3 BHK Independent House in Vidhan Sabha Road,Raipur,Vidhan Sabha Road,Independent House,3,1507,3,Furnished,Yes,33300,21.251537,81.614757
313,2 BHK Independent House in Magneto Mall Area,Raipur,Magneto Mall Area,Independent House,2,1034,2,Unfurnished,Yes,22100,21.243411,81.659648
314,4 BHK Apartment in Kohka,Bhilai,Kohka,Apartment,4,1855,4,Semi-Furnished,Yes,12400,21.212792,81.391883
315,2 BHK Independent House in Maitri Nagar,Bhilai,Maitri Nagar,Independent House,2,814,1,Unfurnished,Yes,9400,21.195361,81.343166
316,2 BHK Apartment in Shankar Nagar,Raipur,Shankar Nagar,Apartment,2,1103,2,Semi-Furnished,Yes,22800,21.257794,81.628824
317,1 BHK Apartment in Mowa,Raipur,Mowa,Apartment,1,642,1,Semi-Furnished,No,11700,21.268511,81.686092
318,3 BHK Apartment in Civil Lines,Raipur,Civil Lines,Apartment,3,1588,3,Furnished,Yes,39100,21.251221,81.611703
319,3 BHK Independent House in Avanti Vihar,Raipur,Avanti Vihar,Independent House,3,1666,3,Furnished,Yes,38100,21.23576,81.647106
320,2 BHK Apartment in Devendra Nagar,Raipur,Devendra Nagar,Apartment,2,1113,2,Semi-Furnished,Yes,19800,21.259776,81.647807
321,3 BHK Apartment in Sector 5,Bhilai,Sector 5,Apartment,3,1624,3,Semi-Furnished,No,16200,21.189014,81.344187
322,3 BHK Apartment in Devendra Nagar,Raipur,Devendra Nagar,Apartment,3,1521,3,Unfurnished,Yes,26700,21.25483,81.641163
323,1 BHK Apartment in Sector 9,Bhilai,Sector 9,Apartment,1,674,1,Unfurnished,Yes,7300,21.188107,81.32651
324,2 BHK Independent House in Vidhan Sabha Road,Raipur,Vidhan Sabha Road,Independent House,2,1029,2,Furnished,No,20300,21.248081,81.610195
325,1 BHK Apartment in Vidhan Sabha Road,Raipur,Vidhan Sabha Road,Apartment,1,600,1,Furnished,Yes,12600,21.251431,81.607348
326,1 BHK Apartment in Saddu,Raipur,Saddu,Apartment,1,506,1,Unfurnished,Yes,8000,21.267596,81.664888
327,2 BHK Independent House in Charoda,Bhilai,Charoda,Independent House,2,898,1,Semi-Furnished,Yes,6800,21.229005,81.41031
328,2 BHK Apartment in Sector 5,Bhilai,Sector 5,Apartment,2,1016,1,Semi-Furnished,Yes,9300,21.189339,81.337614
329,3 BHK Apartment in Shankar Nagar,Raipur,Shankar Nagar,Apartment,3,1448,3,Unfurnished,No,24600,21.249479,81.627344
330,4 BHK Apartment in Nehru Nagar,Bhilai,Nehru Nagar,Apartment,4,2376,3,Furnished,Yes,23900,21.19072,81.349803
331,2 BHK Apartment in Magneto Mall Area,Raipur,Magneto Mall Area,Apartment,2,1047,1,Semi-Furnished,Yes,22100,21.239232,81.646813
332,2 BHK Apartment in Civil Lines,Raipur,Civil Lines,Apartment,2,1150,2,Unfurnished,No,21600,21.255655,81.614637
333,2 BHK Apartment in Kachna,Raipur,Kachna,Apartment,2,1028,2,Furnished,Yes,19700,21.262702,81.6496
334,2 BHK Independent House in Kohka,Bhilai,Kohka,Independent House,2,1132,2,Semi-Furnished,Yes,8400,21.201746,81.387667
335,2 BHK Apartment in Sector 9,Bhilai,Sector 9,Apartment,2,1016,2,Semi-Furnished,Yes,11000,21.186456,81.332403
336,2 BHK Independent House in Sarona,Raipur,Sarona,Independent House,2,1129,1,Semi-Furnished,Yes,19600,21.232817,81.592942
337,4 BHK Apartment in Magneto Mall Area,Raipur,Magneto Mall Area,Apartment,4,1720,4,Furnished,Yes,38300,21.244872,81.655924
338,2 BHK Apartment in Pandri,Raipur,Pandri,Apartment,2,775,2,Semi-Furnished,Yes,15500,21.253304,81.630442
339,2 BHK Independent House in Civic Centre,Bhilai,Civic Centre,Independent House,2,1035,2,Semi-Furnished,Yes,12500,21.19409,81.280511
340,2 BHK Independent House in Sarona,Raipur,Sarona,Independent House,2,1147,2,Semi-Furnished,Yes,17900,21.226154,81.604825
341,2 BHK Apartment in Sector 9,Bhilai,Sector 9,Apartment,2,997,2,Unfurnished,Yes,9200,21.186311,81.323685
342,2 BHK Apartment in Shankar Nagar,Raipur,Shankar Nagar,Apartment,2,1029,2,Semi-Furnished,Yes,23900,21.255541,81.624155
343,3 BHK Independent House in Naya Raipur,Raipur,Naya Raipur,Independent House,3,1348,3,Unfurnished,No,22700,21.167913,81.782197
344,3 BHK Apartment in Sarona,Raipur,Sarona,Apartment,3,1770,3,Semi-Furnished,Yes,28700,21.232234,81.598073
345,2 BHK Independent House in Sarona,Raipur,Sarona,Independent House,2,758,2,Unfurnished,Yes,10700,21.229517,81.594632
346,3 BHK Apartment in Sector 9,Bhilai,Sector 9,Apartment,3,1250,2,Unfurnished,Yes,14200,21.18999,81.332018
347,2 BHK Independent House in Shankar Nagar,Raipur,Shankar Nagar,Independent House,2,1193,1,Unfurnished,Yes,24000,21.249323,81.624952
348,1 BHK Apartment in Pandri,Raipur,Pandri,Apartment,1,575,1,Furnished,Yes,11800,21.251819,81.637389
349,3 BHK Apartment in Vidhan Sabha Road,Raipur,Vidhan Sabha Road,Apartment,3,1715,3,Furnished,Yes,35600,21.255284,81.614152
350,3 BHK Apartment in Shankar Nagar,Raipur,Shankar Nagar,Apartment,3,1532,2,Unfurnished,Yes,30700,21.25238,81.633056
351,1 BHK Apartment in Nehru Nagar,Bhilai,Nehru Nagar,Apartment,1,619,1,Unfurnished,Yes,5700,21.186978,81.346844
352,3 BHK Apartment in Avanti Vihar,Raipur,Avanti Vihar,Apartment,3,1742,3,Semi-Furnished,Yes,35700,21.241388,81.65494
353,3 BHK Apartment in Telibandha,Raipur,Telibandha,Apartment,3,1269,3,Furnished,Yes,33700,21.24257,81.664108
354,2 BHK Apartment in Nehru Nagar,Bhilai,Nehru Nagar,Apartment,2,828,2,Unfurnished,Yes,7600,21.18932,81.35249
355,2 BHK Apartment in Vidhan Sabha Road,Raipur,Vidhan Sabha Road,Apartment,2,1054,1,Furnished,No,20200,21.260773,81.615094
356,3 BHK Apartment in Saddu,Raipur,Saddu,Apartment,3,1417,3,Unfurnished,Yes,22900,21.267224,81.668959
357,3 BHK Independent House in Kachna,Raipur,Kachna,Independent House,3,1754,3,Semi-Furnished,Yes,34900,21.263856,81.64925
358,1 BHK Apartment in Kabir Nagar,Raipur,Kabir Nagar,Apartment,1,529,1,Furnished,Yes,11700,21.24962,81.621367
359,2 BHK Apartment in Kabir Nagar,Raipur,Kabir Nagar,Apartment,2,791,2,Unfurnished,Yes,12900,21.239863,81.621741
360,3 BHK Apartment in Katora Talab,Raipur,Katora Talab,Apartment,3,1726,3,Semi-Furnished,Yes,28800,21.24777,81.622354
361,3 BHK Apartment in Shanti Nagar,Bhilai,Shanti Nagar,Apartment,3,1523,3,Furnished,Yes,13800,21.194826,81.365102
362,1 BHK Apartment in Civic Centre,Bhilai,Civic Centre,Apartment,1,647,1,Unfurnished,Yes,6700,21.18674,81.290734
363,2 BHK Apartment in Avanti Vihar,Raipur,Avanti Vihar,Apartment,2,1001,2,Unfurnished,Yes,19000,21.233399,81.651505
364,2 BHK Apartment in Supela,Bhilai,Supela,Apartment,2,1133,1,Unfurnished,Yes,9700,21.198077,81.310229
365,2 BHK Apartment in Avanti Vihar,Raipur,Avanti Vihar,Apartment,2,811,2,Unfurnished,Yes,15600,21.231462,81.645662
366,2 BHK Apartment in Civic Centre,Bhilai,Civic Centre,Apartment,2,869,2,Unfurnished,Yes,10300,21.194248,81.288077
367,2 BHK Independent House in Magneto Mall Area,Raipur,Magneto Mall Area,Independent House,2,1077,2,Unfurnished,Yes,19700,21.242975,81.652021
368,4 BHK Apartment in Kabir Nagar,Raipur,Kabir Nagar,Apartment,4,2237,4,Unfurnished,No,34500,21.238063,81.618646
369,3 BHK Apartment in Avanti Vihar,Raipur,Avanti Vihar,Apartment,3,1605,3,Semi-Furnished,No,32000,21.238159,81.642614
370,3 BHK Apartment in Civil Lines,Raipur,Civil Lines,Apartment,3,1520,3,Semi-Furnished,No,30800,21.248142,81.606329
371,4 BHK Independent House in Sector 7,Bhilai,Sector 7,Independent House,4,1752,4,Unfurnished,No,18500,21.187856,81.337035
372,1 BHK Independent House in Naya Raipur,Raipur,Naya Raipur,Independent House,1,564,1,Semi-Furnished,No,12300,21.159693,81.779588
373,3 BHK Apartment in Mowa,Raipur,Mowa,Apartment,3,1577,3,Furnished,No,29400,21.266111,81.69956
374,2 BHK Apartment in Shanti Nagar,Bhilai,Shanti Nagar,Apartment,2,1063,2,Unfurnished,Yes,8000,21.201248,81.364567
375,3 BHK Apartment in Junwani,Bhilai,Junwani,Apartment,3,1454,3,Furnished,Yes,16700,21.209673,81.367694
376,4 BHK Independent House in Sarona,Raipur,Sarona,Independent House,4,1962,4,Unfurnished,No,28200,21.224291,81.601856
377,2 BHK Apartment in Maitri Nagar,Bhilai,Maitri Nagar,Apartment,2,837,2,Semi-Furnished,Yes,11400,21.189735,81.355118
378,1 BHK Apartment in Mowa,Raipur,Mowa,Apartment,1,578,1,Unfurnished,Yes,10100,21.268602,81.698883
379,3 BHK Apartment in Risali,Bhilai,Risali,Apartment,3,1500,2,Semi-Furnished,No,19600,21.181934,81.351249
380,2 BHK Apartment in Sector 7,Bhilai,Sector 7,Apartment,2,1133,2,Semi-Furnished,Yes,12100,21.185775,81.333133
381,1 BHK Apartment in Civil Lines,Raipur,Civil Lines,Apartment,1,479,1,Semi-Furnished,No,10100,21.251245,81.606431
382,1 BHK Independent House in Mowa,Raipur,Mowa,Independent House,1,604,1,Furnished,Yes,13500,21.272383,81.692571
383,2 BHK Apartment in Vidhan Sabha Road,Raipur,Vidhan Sabha Road,Apartment,2,950,1,Semi-Furnished,No,19000,21.247926,81.607379
384,4 BHK Apartment in Nehru Nagar,Bhilai,Nehru Nagar,Apartment,4,2332,4,Semi-Furnished,Yes,20600,21.195152,81.342875
385,2 BHK Independent House in Risali,Bhilai,Risali,Independent House,2,1051,2,Unfurnished,Yes,11400,21.190061,81.357381
386,4 BHK Independent House in Telibandha,Raipur,Telibandha,Independent House,4,2383,4,Unfurnished,Yes,52600,21.246755,81.668755
387,4 BHK Apartment in Junwani,Bhilai,Junwani,Apartment,4,2248,4,Semi-Furnished,Yes,18700,21.211047,81.36887
388,3 BHK Apartment in Telibandha,Raipur,Telibandha,Apartment,3,1153,3,Semi-Furnished,No,24400,21.245168,81.668694
389,3 BHK Apartment in Maitri Nagar,Bhilai,Maitri Nagar,Apartment,3,1703,3,Furnished,No,23300,21.190768,81.35467
390,3 BHK Apartment in Shanti Nagar,Bhilai,Shanti Nagar,Apartment,3,1760,3,Furnished,No,18100,21.202766,81.361535
391,2 BHK Apartment in Avanti Vihar,Raipur,Avanti Vihar,Apartment,2,800,2,Unfurnished,Yes,13600,21.237332,81.644705
392,2 BHK Apartment in Supela,Bhilai,Supela,Apartment,2,933,2,Furnished,No,8100,21.187162,81.308847
393,1 BHK Apartment in Smriti Nagar,Bhilai,Smriti Nagar,Apartment,1,578,1,Unfurnished,Yes,4000,21.207415,81.384532
394,1 BHK Independent House in Risali,Bhilai,Risali,Independent House,1,645,1,Semi-Furnished,No,9200,21.181218,81.35168
395,2 BHK Apartment in Nehru Nagar,Bhilai,Nehru Nagar,Apartment,2,857,2,Semi-Furnished,No,7100,21.194832,81.352936
396,4 BHK Independent House in Pandri,Raipur,Pandri,Independent House,4,2274,4,Semi-Furnished,Yes,50300,21.263357,81.63422
397,1 BHK Apartment in Nehru Nagar,Bhilai,Nehru Nagar,Apartment,1,649,1,Furnished,Yes,7400,21.200637,81.347026
398,2 BHK Apartment in Supela,Bhilai,Supela,Apartment,2,940,2,Semi-Furnished,Yes,7200,21.19575,81.316085
399,2 BHK Independent House in Kohka,Bhilai,Kohka,Independent House,2,867,2,Furnished,Yes,6900,21.210815,81.387972
400,2 BHK Independent House in Risali,Bhilai,Risali,Independent House,2,1093,2,Unfurnished,Yes,13700,21.184008,81.354792
401,2 BHK Apartment in Magneto Mall Area,Raipur,Magneto Mall Area,Apartment,2,1065,2,Furnished,No,24100,21.242016,81.65535
402,2 BHK Apartment in Power House,Bhilai,Power House,Apartment,2,775,2,Unfurnished,Yes,7300,21.203886,81.313558
403,2 BHK Apartment in Devendra Nagar,Raipur,Devendra Nagar,Apartment,2,879,2,Furnished,Yes,19800,21.25971,81.643723
404,3 BHK Apartment in Shankar Nagar,Raipur,Shankar Nagar,Apartment,3,1579,3,Semi-Furnished,Yes,36600,21.255414,81.633898
405,2 BHK Apartment in Power House,Bhilai,Power House,Apartment,2,837,1,Unfurnished,Yes,7000,21.209239,81.326523
406,2 BHK Apartment in Kabir Nagar,Raipur,Kabir Nagar,Apartment,2,1160,2,Unfurnished,Yes,17700,21.252749,81.621782
407,2 BHK Apartment in Kohka,Bhilai,Kohka,Apartment,2,1149,2,Semi-Furnished,Yes,8000,21.197746,81.395258
408,2 BHK Independent House in Sector 7,Bhilai,Sector 7,Independent House,2,1146,2,Semi-Furnished,Yes,13300,21.196669,81.343339
409,1 BHK Apartment in Civic Centre,Bhilai,Civic Centre,Apartment,1,574,1,Semi-Furnished,Yes,7200,21.191198,81.281679
410,3 BHK Independent House in Naya Raipur,Raipur,Naya Raipur,Independent House,3,1284,2,Furnished,Yes,30900,21.166301,81.780107
411,4 BHK Apartment in Risali,Bhilai,Risali,Apartment,4,2104,4,Semi-Furnished,Yes,24100,21.181901,81.350623
412,2 BHK Apartment in Magneto Mall Area,Raipur,Magneto Mall Area,Apartment,2,1146,2,Semi-Furnished,Yes,21700,21.240302,81.657576
413,3 BHK Apartment in Supela,Bhilai,Supela,Apartment,3,1136,3,Semi-Furnished,Yes,9700,21.198158,81.321304
414,3 BHK Apartment in Devendra Nagar,Raipur,Devendra Nagar,Apartment,3,1573,3,Unfurnished,Yes,30200,21.253907,81.64536
415,3 BHK Apartment in Telibandha,Raipur,Telibandha,Apartment,3,1577,3,Unfurnished,Yes,33800,21.242445,81.664628
416,2 BHK Apartment in Sarona,Raipur,Sarona,Apartment,2,1157,2,Unfurnished,Yes,15200,21.23463,81.606545
417,2 BHK Apartment in Maitri Nagar,Bhilai,Maitri Nagar,Apartment,2,834,2,Unfurnished,Yes,10900,21.188748,81.349666
418,1 BHK Apartment in Telibandha,Raipur,Telibandha,Apartment,1,634,1,Semi-Furnished,Yes,14900,21.241971,81.656569
419,2 BHK Apartment in Sector 5,Bhilai,Sector 5,Apartment,2,1145,1,Unfurnished,Yes,9900,21.196766,81.347571
420,3 BHK Apartment in Smriti Nagar,Bhilai,Smriti Nagar,Apartment,3,1472,3,Unfurnished,No,9200,21.21385,81.381924
421,4 BHK Apartment in Shanti Nagar,Bhilai,Shanti Nagar,Apartment,4,2006,3,Unfurnished,Yes,16300,21.204968,81.35815
422,2 BHK Apartment in Avanti Vihar,Raipur,Avanti Vihar,Apartment,2,843,2,Semi-Furnished,Yes,15800,21.238038,81.656282
423,4 BHK Independent House in Sector 5,Bhilai,Sector 5,Independent House,4,2146,4,Furnished,Yes,23300,21.188125,81.344924
424,2 BHK Apartment in Risali,Bhilai,Risali,Apartment,2,1142,2,Unfurnished,Yes,12200,21.191461,81.356876
425,2 BHK Apartment in Civil Lines,Raipur,Civil Lines,Apartment,2,847,2,Furnished,Yes,22900,21.253668,81.601815
426,2 BHK Apartment in Sector 7,Bhilai,Sector 7,Apartment,2,1128,2,Furnished,Yes,14500,21.197246,81.337006
427,2 BHK Apartment in Saddu,Raipur,Saddu,Apartment,2,1075,2,Unfurnished,Yes,17200,21.270245,81.665195
428,2 BHK Independent House in Katora Talab,Raipur,Katora Talab,Independent House,2,1161,2,Unfurnished,Yes,19000,21.235398,81.630267
429,2 BHK Independent House in Avanti Vihar,Raipur,Avanti Vihar,Independent House,2,885,2,Unfurnished,Yes,15600,21.23275,81.644476
430,2 BHK Apartment in Shanti Nagar,Bhilai,Shanti Nagar,Apartment,2,790,2,Semi-Furnished,Yes,7400,21.198371,81.354061
431,4 BHK Apartment in Saddu,Raipur,Saddu,Apartment,4,2232,4,Unfurnished,No,32600,21.274822,81.669183
432,2 BHK Apartment in Civic Centre,Bhilai,Civic Centre,Apartment,2,1052,2,Semi-Furnished,Yes,11100,21.197383,81.27984
433,1 BHK Apartment in Shanti Nagar,Bhilai,Shanti Nagar,Apartment,1,634,1,Semi-Furnished,No,5100,21.203601,81.365017
434,2 BHK Apartment in Charoda,Bhilai,Charoda,Apartment,2,872,2,Semi-Furnished,Yes,5700,21.229008,81.411095
435,2 BHK Independent House in Katora Talab,Raipur,Katora Talab,Independent House,2,1140,2,Furnished,Yes,24800,21.239758,81.616141
436,3 BHK Apartment in Kachna,Raipur,Kachna,Apartment,3,1290,3,Unfurnished,Yes,19400,21.276628,81.651553
437,3 BHK Apartment in Charoda,Bhilai,Charoda,Apartment,3,1633,2,Semi-Furnished,Yes,10900,21.226833,81.420667
438,2 BHK Apartment in Devendra Nagar,Raipur,Devendra Nagar,Apartment,2,1145,2,Furnished,Yes,27700,21.248425,81.637977
439,2 BHK Independent House in Civil Lines,Raipur,Civil Lines,Independent House,2,835,2,Semi-Furnished,No,21900,21.244334,81.600934
440,1 BHK Independent House in Vidhan Sabha Road,Raipur,Vidhan Sabha Road,Independent House,1,686,1,Semi-Furnished,Yes,14700,21.253647,81.617229
441,1 BHK Apartment in Kohka,Bhilai,Kohka,Apartment,1,552,1,Semi-Furnished,Yes,4100,21.200997,81.393179
442,1 BHK Independent House in Naya Raipur,Raipur,Naya Raipur,Independent House,1,508,1,Unfurnished,No,9800,21.157486,81.787688
443,3 BHK Independent House in Katora Talab,Raipur,Katora Talab,Independent House,3,1732,2,Furnished,Yes,35600,21.236634,81.618618
444,1 BHK Apartment in Naya Raipur,Raipur,Naya Raipur,Apartment,1,573,1,Semi-Furnished,No,9800,21.168051,81.781267
445,1 BHK Apartment in Shankar Nagar,Raipur,Shankar Nagar,Apartment,1,508,1,Furnished,Yes,12200,21.254104,81.625028
446,1 BHK Apartment in Sector 9,Bhilai,Sector 9,Apartment,1,631,1,Semi-Furnished,Yes,6900,21.193269,81.329542
447,3 BHK Apartment in Katora Talab,Raipur,Katora Talab,Apartment,3,1730,3,Furnished,No,33500,21.24674,81.626238
448,3 BHK Apartment in Naya Raipur,Raipur,Naya Raipur,Apartment,3,1300,3,Unfurnished,Yes,21700,21.166466,81.785078
449,2 BHK Apartment in Naya Raipur,Raipur,Naya Raipur,Apartment,2,766,2,Unfurnished,Yes,12000,21.166131,81.792134
450,2 BHK Apartment in Pandri,Raipur,Pandri,Apartment,2,1189,2,Semi-Furnished,No,19300,21.263663,81.629509
451,2 BHK Apartment in Sector 5,Bhilai,Sector 5,Apartment,2,754,1,Semi-Furnished,No,7500,21.195738,81.349542
452,2 BHK Independent House in Sector 9,Bhilai,Sector 9,Independent House,2,1015,2,Semi-Furnished,Yes,10700,21.196089,81.328185
453,4 BHK Independent House in Sector 5,Bhilai,Sector 5,Independent House,4,2277,4,Semi-Furnished,Yes,21900,21.197123,81.342606
454,3 BHK Apartment in Charoda,Bhilai,Charoda,Apartment,3,1581,3,Furnished,Yes,12100,21.226202,81.425594
455,3 BHK Apartment in Kachna,Raipur,Kachna,Apartment,3,1183,3,Unfurnished,Yes,17600,21.269662,81.655088
456,3 BHK Apartment in Kachna,Raipur,Kachna,Apartment,3,1418,2,Semi-Furnished,Yes,28400,21.268551,81.65428
457,2 BHK Apartment in Telibandha,Raipur,Telibandha,Apartment,2,891,2,Unfurnished,Yes,16600,21.237447,81.658615
458,1 BHK Apartment in Naya Raipur,Raipur,Naya Raipur,Apartment,1,526,1,Semi-Furnished,No,10300,21.161649,81.785142
459,2 BHK Apartment in Shankar Nagar,Raipur,Shankar Nagar,Apartment,2,865,1,Unfurnished,Yes,17300,21.243515,81.632925
460,1 BHK Apartment in Power House,Bhilai,Power House,Apartment,1,478,1,Furnished,No,5800,21.214922,81.31162
461,3 BHK Apartment in Risali,Bhilai,Risali,Apartment,3,1764,3,Semi-Furnished,Yes,23500,21.188219,81.347909
462,1 BHK Apartment in Sector 5,Bhilai,Sector 5,Apartment,1,534,1,Unfurnished,No,5100,21.198179,81.344206
463,2 BHK Independent House in Vidhan Sabha Road,Raipur,Vidhan Sabha Road,Independent House,2,1045,1,Semi-Furnished,Yes,21300,21.25607,81.611883
464,3 BHK Apartment in Naya Raipur,Raipur,Naya Raipur,Apartment,3,1506,3,Semi-Furnished,No,26600,21.15665,81.787849
465,2 BHK Independent House in Naya Raipur,Raipur,Naya Raipur,Independent House,2,965,2,Semi-Furnished,Yes,21100,21.164534,81.786933
466,2 BHK Apartment in Magneto Mall Area,Raipur,Magneto Mall Area,Apartment,2,1134,2,Furnished,No,22900,21.247357,81.649795
467,3 BHK Apartment in Magneto Mall Area,Raipur,Magneto Mall Area,Apartment,3,1497,3,Unfurnished,No,27500,21.24652,81.657096
468,1 BHK Independent House in Kohka,Bhilai,Kohka,Independent House,1,692,1,Semi-Furnished,Yes,6000,21.210363,81.388576
469,3 BHK Apartment in Vidhan Sabha Road,Raipur,Vidhan Sabha Road,Apartment,3,1331,3,Unfurnished,Yes,21300,21.260765,81.617104
470,4 BHK Apartment in Katora Talab,Raipur,Katora Talab,Apartment,4,1979,3,Unfurnished,Yes,29700,21.234054,81.61551
471,2 BHK Apartment in Kabir Nagar,Raipur,Kabir Nagar,Apartment,2,865,2,Unfurnished,No,11800,21.250134,81.623762
472,2 BHK Apartment in Maitri Nagar,Bhilai,Maitri Nagar,Apartment,2,1124,1,Unfurnished,No,13900,21.193472,81.347701
473,3 BHK Apartment in Mowa,Raipur,Mowa,Apartment,3,1614,2,Semi-Furnished,Yes,24400,21.278156,81.687708
474,3 BHK Independent House in Junwani,Bhilai,Junwani,Independent House,3,1704,3,Unfurnished,Yes,14500,21.209261,81.368351
475,3 BHK Independent House in Maitri Nagar,Bhilai,Maitri Nagar,Independent House,3,1686,3,Unfurnished,Yes,22700,21.182756,81.34994
476,2 BHK Apartment in Vidhan Sabha Road,Raipur,Vidhan Sabha Road,Apartment,2,904,2,Unfurnished,Yes,14400,21.257632,81.616383
477,2 BHK Apartment in Shankar Nagar,Raipur,Shankar Nagar,Apartment,2,1120,2,Semi-Furnished,No,21300,21.244951,81.628497
478,3 BHK Apartment in Supela,Bhilai,Supela,Apartment,3,1513,3,Semi-Furnished,Yes,14400,21.189751,81.313497
479,1 BHK Independent House in Civic Centre,Bhilai,Civic Centre,Independent House,1,635,1,Unfurnished,Yes,7200,21.192505,81.279362
480,2 BHK Apartment in Katora Talab,Raipur,Katora Talab,Apartment,2,890,2,Semi-Furnished,Yes,16100,21.238113,81.620222
481,2 BHK Apartment in Pandri,Raipur,Pandri,Apartment,2,1154,2,Unfurnished,Yes,18000,21.256535,81.629218
482,2 BHK Independent House in Sector 5,Bhilai,Sector 5,Independent House,2,1013,2,Unfurnished,No,8900,21.194022,81.349371
483,3 BHK Apartment in Kachna,Raipur,Kachna,Apartment,3,1649,3,Unfurnished,Yes,24900,21.264186,81.65633
484,2 BHK Apartment in Sector 9,Bhilai,Sector 9,Apartment,2,880,2,Furnished,Yes,11500,21.1891,81.327125
485,3 BHK Apartment in Kabir Nagar,Raipur,Kabir Nagar,Apartment,3,1227,3,Semi-Furnished,Yes,22900,21.240158,81.6174
486,2 BHK Apartment in Risali,Bhilai,Risali,Apartment,2,763,2,Unfurnished,No,7800,21.191338,81.349747
487,2 BHK Independent House in Sarona,Raipur,Sarona,Independent House,2,1093,2,Unfurnished,No,15100,21.234944,81.594089
488,3 BHK Apartment in Vidhan Sabha Road,Raipur,Vidhan Sabha Road,Apartment,3,1236,3,Semi-Furnished,Yes,24500,21.254042,81.617559
489,3 BHK Independent House in Sector 5,Bhilai,Sector 5,Independent House,3,1133,3,Unfurnished,No,11300,21.199637,81.346079
490,1 BHK Independent House in Kachna,Raipur,Kachna,Independent House,1,683,1,Furnished,Yes,17300,21.276855,81.653352
491,3 BHK Independent House in Shanti Nagar,Bhilai,Shanti Nagar,Independent House,3,1728,3,Semi-Furnished,Yes,14300,21.203723,81.358598
492,2 BHK Independent House in Sector 9,Bhilai,Sector 9,Independent House,2,1137,2,Unfurnished,Yes,12600,21.194355,81.325339
493,2 BHK Independent House in Devendra Nagar,Raipur,Devendra Nagar,Independent House,2,918,2,Unfurnished,No,18300,21.252702,81.640477
494,4 BHK Apartment in Civil Lines,Raipur,Civil Lines,Apartment,4,2269,3,Furnished,Yes,66200,21.245931,81.615135
495,2 BHK Apartment in Devendra Nagar,Raipur,Devendra Nagar,Apartment,2,1073,2,Semi-Furnished,Yes,19100,21.25404,81.647161
496,4 BHK Apartment in Supela,Bhilai,Supela,Apartment,4,2136,3,Unfurnished,No,17400,21.189592,81.314103
497,4 BHK Apartment in Devendra Nagar,Raipur,Devendra Nagar,Apartment,4,1936,4,Semi-Furnished,No,36600,21.252556,81.643079
498,2 BHK Apartment in Smriti Nagar,Bhilai,Smriti Nagar,Apartment,2,1177,2,Unfurnished,Yes,8400,21.209215,81.381335
499,4 BHK Apartment in Maitri Nagar,Bhilai,Maitri Nagar,Apartment,4,1612,4,Semi-Furnished,Yes,21100,21.194334,81.355834
500,2 BHK Apartment in Pandri,Raipur,Pandri,Apartment,2,817,1,Unfurnished,Yes,13000,21.262384,81.641423
501,2 BHK Apartment in Civic Centre,Bhilai,Civic Centre,Apartment,2,1031,2,Semi-Furnished,Yes,13000,21.187675,81.280352
502,2 BHK Apartment in Sector 9,Bhilai,Sector 9,Apartment,2,964,2,Unfurnished,No,9800,21.194444,81.331503
503,2 BHK Apartment in Civic Centre,Bhilai,Civic Centre,Apartment,2,804,2,Unfurnished,Yes,9400,21.193027,81.284913
504,3 BHK Apartment in Sector 7,Bhilai,Sector 7,Apartment,3,1192,3,Semi-Furnished,Yes,13700,21.196105,81.339425
505,2 BHK Apartment in Shankar Nagar,Raipur,Shankar Nagar,Apartment,2,1109,1,Semi-Furnished,Yes,23400,21.247719,81.636406
506,3 BHK Apartment in Kohka,Bhilai,Kohka,Apartment,3,1751,2,Furnished,Yes,15200,21.19891,81.388209
507,1 BHK Apartment in Power House,Bhilai,Power House,Apartment,1,518,1,Semi-Furnished,Yes,4700,21.208417,81.317244
508,4 BHK Apartment in Katora Talab,Raipur,Katora Talab,Apartment,4,2085,4,Semi-Furnished,Yes,33000,21.241609,81.6173
509,2 BHK Apartment in Shankar Nagar,Raipur,Shankar Nagar,Apartment,2,779,2,Unfurnished,Yes,13700,21.25557,81.633853
510,2 BHK Independent House in Pandri,Raipur,Pandri,Independent House,2,1161,1,Furnished,Yes,29100,21.263562,81.638987
511,3 BHK Apartment in Devendra Nagar,Raipur,Devendra Nagar,Apartment,3,1693,3,Semi-Furnished,Yes,31900,21.256106,81.639235
512,2 BHK Apartment in Kabir Nagar,Raipur,Kabir Nagar,Apartment,2,1168,2,Furnished,Yes,22200,21.243783,81.616579
513,3 BHK Apartment in Power House,Bhilai,Power House,Apartment,3,1249,3,Furnished,Yes,14200,21.204296,81.323056
514,3 BHK Apartment in Sector 9,Bhilai,Sector 9,Apartment,3,1704,2,Semi-Furnished,Yes,16800,21.188763,81.337549
515,1 BHK Apartment in Kohka,Bhilai,Kohka,Apartment,1,655,1,Semi-Furnished,No,5000,21.209819,81.39612
516,2 BHK Apartment in Power House,Bhilai,Power House,Apartment,2,930,2,Unfurnished,No,7900,21.21479,81.321413
517,1 BHK Apartment in Charoda,Bhilai,Charoda,Apartment,1,598,1,Semi-Furnished,Yes,4000,21.227462,81.419898
518,3 BHK Apartment in Maitri Nagar,Bhilai,Maitri Nagar,Apartment,3,1723,3,Unfurnished,Yes,20800,21.193093,81.347228
519,2 BHK Apartment in Sector 9,Bhilai,Sector 9,Apartment,2,935,1,Semi-Furnished,Yes,9500,21.191204,81.330664
520,3 BHK Independent House in Shanti Nagar,Bhilai,Shanti Nagar,Independent House,3,1481,3,Unfurnished,Yes,11200,21.200014,81.356857
521,4 BHK Apartment in Saddu,Raipur,Saddu,Apartment,4,2236,3,Unfurnished,Yes,38500,21.280145,81.666416
522,2 BHK Independent House in Sector 9,Bhilai,Sector 9,Independent House,2,1082,2,Semi-Furnished,Yes,12900,21.184072,81.335837
523,2 BHK Apartment in Avanti Vihar,Raipur,Avanti Vihar,Apartment,2,793,2,Semi-Furnished,Yes,16000,21.238395,81.654611
524,3 BHK Apartment in Maitri Nagar,Bhilai,Maitri Nagar,Apartment,3,1175,2,Unfurnished,Yes,12500,21.187669,81.355007
525,2 BHK Independent House in Charoda,Bhilai,Charoda,Independent House,2,1026,2,Semi-Furnished,Yes,7700,21.234375,81.420232
526,2 BHK Independent House in Shanti Nagar,Bhilai,Shanti Nagar,Independent House,2,1127,2,Semi-Furnished,Yes,11000,21.191257,81.363817
527,2 BHK Apartment in Kachna,Raipur,Kachna,Apartment,2,782,1,Furnished,Yes,15300,21.26378,81.649167
528,4 BHK Independent House in Kachna,Raipur,Kachna,Independent House,4,1915,3,Unfurnished,Yes,31600,21.262068,81.653779
529,3 BHK Independent House in Naya Raipur,Raipur,Naya Raipur,Independent House,3,1348,3,Unfurnished,Yes,23100,21.155335,81.781675
530,3 BHK Apartment in Civil Lines,Raipur,Civil Lines,Apartment,3,1371,3,Semi-Furnished,No,34400,21.250592,81.612395
531,2 BHK Apartment in Mowa,Raipur,Mowa,Apartment,2,1091,2,Semi-Furnished,Yes,17200,21.26572,81.695453
532,3 BHK Apartment in Civic Centre,Bhilai,Civic Centre,Apartment,3,1319,3,Semi-Furnished,Yes,17100,21.182503,81.277055
533,2 BHK Apartment in Devendra Nagar,Raipur,Devendra Nagar,Apartment,2,983,2,Furnished,No,19300,21.250002,81.638943
534,2 BHK Independent House in Mowa,Raipur,Mowa,Independent House,2,1118,2,Semi-Furnished,No,16900,21.278758,81.694377
535,3 BHK Apartment in Power House,Bhilai,Power House,Apartment,3,1364,3,Semi-Furnished,Yes,12600,21.216297,81.319829
536,4 BHK Apartment in Naya Raipur,Raipur,Naya Raipur,Apartment,4,2018,4,Semi-Furnished,Yes,39100,21.164444,81.791625
537,2 BHK Apartment in Sector 5,Bhilai,Sector 5,Apartment,2,914,2,Semi-Furnished,Yes,8800,21.200381,81.347354
538,1 BHK Independent House in Vidhan Sabha Road,Raipur,Vidhan Sabha Road,Independent House,1,481,1,Semi-Furnished,No,9700,21.262931,81.620551
539,3 BHK Apartment in Junwani,Bhilai,Junwani,Apartment,3,1589,3,Unfurnished,Yes,11800,21.223879,81.35995
540,4 BHK Independent House in Junwani,Bhilai,Junwani,Independent House,4,2344,4,Furnished,Yes,25100,21.209536,81.361586
541,2 BHK Independent House in Vidhan Sabha Road,Raipur,Vidhan Sabha Road,Independent House,2,755,2,Furnished,Yes,18700,21.258532,81.608671
542,3 BHK Apartment in Power House,Bhilai,Power House,Apartment,3,1122,2,Furnished,Yes,12200,21.21371,81.311694
543,2 BHK Independent House in Saddu,Raipur,Saddu,Independent House,2,788,2,Semi-Furnished,Yes,15000,21.276298,81.674913
544,3 BHK Apartment in Civic Centre,Bhilai,Civic Centre,Apartment,3,1381,3,Semi-Furnished,Yes,17400,21.191166,81.283765
545,2 BHK Independent House in Mowa,Raipur,Mowa,Independent House,2,1186,1,Unfurnished,No,20600,21.276168,81.699581
546,2 BHK Apartment in Pandri,Raipur,Pandri,Apartment,2,766,2,Semi-Furnished,No,14900,21.25139,81.638371
547,4 BHK Apartment in Charoda,Bhilai,Charoda,Apartment,4,2240,3,Semi-Furnished,Yes,15700,21.227718,81.417805
548,3 BHK Apartment in Avanti Vihar,Raipur,Avanti Vihar,Apartment,3,1208,3,Semi-Furnished,No,23900,21.235468,81.653941
549,3 BHK Apartment in Vidhan Sabha Road,Raipur,Vidhan Sabha Road,Apartment,3,1218,3,Unfurnished,No,21800,21.248911,81.617326
550,3 BHK Apartment in Kabir Nagar,Raipur,Kabir Nagar,Apartment,3,1138,3,Semi-Furnished,Yes,17800,21.248886,81.620396
551,4 BHK Apartment in Saddu,Raipur,Saddu,Apartment,4,1957,4,Unfurnished,Yes,29400,21.275038,81.672963
552,2 BHK Apartment in Sector 5,Bhilai,Sector 5,Apartment,2,1113,1,Semi-Furnished,Yes,12500,21.197162,81.344988
553,2 BHK Independent House in Saddu,Raipur,Saddu,Independent House,2,1195,2,Unfurnished,No,22000,21.266868,81.669288
554,1 BHK Apartment in Charoda,Bhilai,Charoda,Apartment,1,698,1,Furnished,Yes,5300,21.233015,81.410131
555,2 BHK Independent House in Vidhan Sabha Road,Raipur,Vidhan Sabha Road,Independent House,2,1133,2,Semi-Furnished,Yes,21500,21.261345,81.60824
556,1 BHK Independent House in Civic Centre,Bhilai,Civic Centre,Independent House,1,492,1,Semi-Furnished,Yes,6500,21.192099,81.291436
557,3 BHK Apartment in Katora Talab,Raipur,Katora Talab,Apartment,3,1561,3,Unfurnished,Yes,22900,21.247589,81.623625
558,3 BHK Apartment in Civic Centre,Bhilai,Civic Centre,Apartment,3,1181,3,Semi-Furnished,No,14500,21.195652,81.289208
559,2 BHK Apartment in Saddu,Raipur,Saddu,Apartment,2,860,1,Semi-Furnished,Yes,15800,21.273186,81.671474
560,3 BHK Apartment in Katora Talab,Raipur,Katora Talab,Apartment,3,1697,3,Semi-Furnished,Yes,29000,21.247353,81.623956
561,3 BHK Apartment in Saddu,Raipur,Saddu,Apartment,3,1675,3,Semi-Furnished,No,31200,21.272167,81.675453
562,1 BHK Apartment in Civic Centre,Bhilai,Civic Centre,Apartment,1,660,1,Semi-Furnished,No,7000,21.185954,81.284812
563,3 BHK Apartment in Sector 7,Bhilai,Sector 7,Apartment,3,1146,2,Furnished,Yes,14800,21.188022,81.330984
564,2 BHK Apartment in Smriti Nagar,Bhilai,Smriti Nagar,Apartment,2,964,2,Furnished,Yes,8300,21.201702,81.374204
565,2 BHK Apartment in Vidhan Sabha Road,Raipur,Vidhan Sabha Road,Apartment,2,950,2,Semi-Furnished,No,16400,21.253174,81.609857
566,3 BHK Apartment in Junwani,Bhilai,Junwani,Apartment,3,1281,3,Unfurnished,Yes,10900,21.21395,81.371502
567,1 BHK Independent House in Kabir Nagar,Raipur,Kabir Nagar,Independent House,1,534,1,Unfurnished,No,9300,21.252301,81.624372
568,3 BHK Independent House in Sarona,Raipur,Sarona,Independent House,3,1426,3,Unfurnished,Yes,22700,21.227976,81.604289
569,1 BHK Independent House in Junwani,Bhilai,Junwani,Independent House,1,579,1,Semi-Furnished,Yes,5800,21.22162,81.36457
570,3 BHK Independent House in Kachna,Raipur,Kachna,Independent House,3,1482,3,Semi-Furnished,No,29400,21.27309,81.657885
571,3 BHK Apartment in Charoda,Bhilai,Charoda,Apartment,3,1504,3,Semi-Furnished,Yes,11200,21.229529,81.411267
572,2 BHK Apartment in Supela,Bhilai,Supela,Apartment,2,1081,2,Unfurnished,Yes,7500,21.198085,81.319081
573,2 BHK Independent House in Devendra Nagar,Raipur,Devendra Nagar,Independent House,2,842,2,Furnished,Yes,19600,21.249037,81.634874
574,1 BHK Apartment in Saddu,Raipur,Saddu,Apartment,1,489,1,Semi-Furnished,Yes,9400,21.273171,81.667873
575,3 BHK Apartment in Nehru Nagar,Bhilai,Nehru Nagar,Apartment,3,1172,3,Semi-Furnished,No,10500,21.189774,81.343665
576,3 BHK Apartment in Risali,Bhilai,Risali,Apartment,3,1252,2,Semi-Furnished,Yes,16700,21.186064,81.343604
577,2 BHK Independent House in Kabir Nagar,Raipur,Kabir Nagar,Independent House,2,940,2,Semi-Furnished,Yes,17400,21.250428,81.620757
578,3 BHK Apartment in Kachna,Raipur,Kachna,Apartment,3,1111,3,Semi-Furnished,Yes,18200,21.265809,81.653487
579,2 BHK Apartment in Magneto Mall Area,Raipur,Magneto Mall Area,Apartment,2,925,2,Semi-Furnished,Yes,16900,21.245052,81.653039
580,3 BHK Apartment in Power House,Bhilai,Power House,Apartment,3,1616,2,Semi-Furnished,No,13600,21.207179,81.319014
581,2 BHK Apartment in Civil Lines,Raipur,Civil Lines,Apartment,2,883,2,Unfurnished,Yes,19800,21.2465,81.605959
582,2 BHK Apartment in Supela,Bhilai,Supela,Apartment,2,883,2,Unfurnished,No,7300,21.198487,81.319638
